Name,Phone,Website
"Aen Ali Hashmi - SEO Expert Services & Digital Marketing Agency in Lahore, Pakistan",0303 8966797 ,http://aenalihashmi.com/
BDM Solutions | SEO Services in Lahore | Digital Marketing Agency In Lahore,0303 9959769 ,https://bestdigitalmarketingsolutions.com/
Bee Buzz - Digital Marketing Agency in Lahore,0323 4747587 ,https://beebuzzdigitalmarketing.com/
Digital Breeze - Digital Marketing Services in Lahore Pakistan,0336 6104310 ,https://digitalbreeze.online/
Zain Ahsan | Google Ads & SEO Expert in Lahore | Rankers Nest,0322 4603046 ,https://rankersnest.com/
SEO Services in Lahore | Digital Marketing Agency Pakistan | Digital PR,0345 9512360 ,https://digitalpr.pk/
Webfoxs | Best Digital Marketing and Web development Company In Lahore,0325 5562226 ,https://webfoxs.com/
Digital Marketing Agency in Pakistan - I2m SEO,0304 6847100 ,http://www.i2mseo.com/
FulFillit | Digital Marketing Agency Lahore,0306 5939776 ,https://fulfillit.pk/
ALM Advertising Agency,0333 4268769 ,https://www.almadvertising.com/
Arslan Rauf - SEO Specialist | Digital Marketing Consultant GMB & Google adwords PPC expert in Lahore Pakistan,0345 4200109 ,https://arslanrauf.com/
digital marketing agency lahore,0307 4693303 ,N/A
Blue Digital pixel Digital marketing agency in Lahore Pakistan,0309 4733141 ,https://bluedigitalpixel.com/
OYS Digital Marketing Agency,0304 7952322 ,https://oysdigital.com/
Ranking Solutions | Digital Marketing Agency Lahore,0340 4181304 ,https://rankingsolution.co.uk/
Digital Marketing Services in Lahore,0341 3404788 ,https://digitalmarketingservicesinlahore.com/
Next Solutions,0343 5743690 ,https://www.nextsol.pk/
Digital Korbax LLC | Best Digital Marketing Agency in Asia,0301 4179273 ,http://www.digitalkorbax.com/
Egg Root Digital Marketing Agency,+1 448-203-5069 ,http://www.eggroot.com/
"NavicoAds - Johar Town Digital Marketing, Designing & Printing Branch",0323 4788475 ,http://navicoads.com/digital-marketing-agency-Pakistan
Aamir Tirmizi - PPC Expert | Google Ads Expert Lahore | Digital Marketing Expert,0323 4733307 ,https://aamirtirmizi.com/
2BTech | Business IT Solutions Company,0344 9889555 ,https://www.2btechinc.com/
INDEX IDEA (Digital Marketing Agency in Lahore),0314 4270390 ,https://www.indexidea.com/
KENZ ADVERTISING | Digital Marketing Agency,0326 1333132 ,http://www.kenzadvertising.com/
YouCan Creative Engine | Best Digital Marketing Agency in Lahore,0310 0006614 ,https://youcan.pk/
promopioneers Pvt Ltd.| Digital Marketing Expert || Business Consultant | |web Developer | | App Developer |,0307 6992033 ,http://www.promopioneers.uk/
Stradigi | Digital Marketing Agency in Lahore Pakistan,0333 4188688 ,https://www.stradigi.org/
Hanzla - Seo Services | Elite Digital Marketing Agency in Lahore,0326 4142850 ,https://www.facebook.com/people/Elite-Digital-Marketing-Services/61567136321121/
"Mizz Ratings - Digital Marketing Agency in Lahore | Get Reliable SEO, PPC, GMB & Meta Ads Services",0302 4266755 ,https://mizzratings.com/
Digital Penguin | Digital Marketing Agency,0306 9120133 ,https://thedigitalpenguin.net/
Digital Agency Pakistan,0303 0646406 ,http://www.digitalagencypakistan.com/
Zeeshan Ahmad I Digital Marketing Services,0340 7860600 ,http://adgrowthpath.com/
Checkmate De Studio - Creative Digital Marketing Agency,0322 2814884 ,http://www.checkmate.pk/
Brand Surge Pakistan | Digital Marketing Agency,(042) 35195205 ,https://brandsurge.io/
Top Digital Marketing Companies,0322 8023458 ,https://topdigitalmarketingcompanies.com/
Digital Insides | Website Development and Digital Marketing Agency,0315 3569227 ,https://digitalinsides.com/
Rank 360 - Digital Marketing Agency,0323 4147061 ,https://rank360.agency/
Digital Marketing Agency In Lahore,0348 4192602 ,https://digitalmarketingserviceslahore.pk/
Influx.pk - Digital Marketing Solutions Lahore,0333 3044405 ,https://www.influx.pk/
Talha Nazir - Digital Marketing Trainer & Services,0309 1486450 ,https://talhanazir.com/
Digital Marketing Idea and Agency,0309 9630100 ,https://dmideaandagency.com/
TopSpot Digital Marketing Agency Lahore Pakistan,0332 4654519 ,N/A
Nibble View - Digital Marketing Agency,0332 8888128 ,https://nibbleview.com/
Bit n Byte - Digital Marketing Agency,0320 4159603 ,https://bitndbyte.com/
"Digital Marketing Company Lahore, Pakistan | SEO Agency | Web Development Services| Digital Marketing Training in Lahore",0333 4173889 ,http://www.vitaldigitalmarketing.com/
Digital Marketing Agency,0323 4898158 ,https://topdigitalmarketingcompanies.com/
Junaid Tariq - SEO & Digital Marketing Consultant,0333 9799025 ,http://junaidtariq.com/
Best Google Ads Expert in Lahore | Attiq ur Rehman - Facebook Ads Expert | SEO Expert in Lahore,0303 0640387 ,https://www.fiverr.com/attiqurrehma730
Best Digital Marketing Agency in Lahore,0314 4778083 ,N/A
Yaspire Technologies | Digital Marketing Agency lahore,0336 7867028 ,https://www.yaspire.com/
We Pro Marketing Solutions - Digital Marketing Agency Pakistan,0300 0133399 ,https://weproms.com/
SEO Services in Lahore | SEO Company in Lahore | PDE,0330 4173930 ,https://www.prodigitalera.com/
Black iBex | Digital Marketing Agency | Software House |Creative Design Agency | Lahore Pakistan,0321 3656096 ,N/A
Saif Khan | SEO Specialist | SEO Services in Lahore | Digital Marketing Services | SEO Expert Services In Lahore,0328 4799291 ,N/A
Dexoom Digital - SEO and Digital Marketing Services In Lahore Pakistan,0324 6969938 ,https://dexoom.com/
Navicosoft,0300 0341252 ,https://www.navicosoft.com/digital-marketing-services-in-pakistan/
Sprint Start - Digital Marketing Agency,0300 6247498 ,https://sprintstart.net/
Digital Marketing Agile,0315 5533322 ,https://www.digitalmarketingagileinc.com/
Digital Age | Digital Agency Lahore | Digital Marketing,0335 5118196 ,https://www.digitalagencylahore.com/
Digiconia,0343 4195549 ,https://digiconia.com/
Keenly Digital,0340 1112444 ,https://keenlydigital.com/
Muhammad Umair Khan – Digital Marketing Services in Lahore,0311 6242939 ,https://sites.google.com/view/muhammadumairkhan
SEO Agency Land,0317 4569922 ,https://seoagencyland.pk/
Media Quotient Inc.,0302 8566033 ,https://mediaquotientinc.com/
Commtel Digital,(042) 35692861 ,http://www.commteldigital.com/
Traffic Edge - Digital Marketing Agency Pakistan,0328 8480316 ,https://thetrafficedge.com/
MML | Meta Marketing Lahore,0301 4612048 ,N/A
Red Panda Digital Marketing Agency,0310 4035667 ,https://redpandadigitalmarketingagency.wordpress.com/seo-services-lahore/
Ad Apex Agency | Digital Marketing | SEO | Website Development,0309 8288145 ,https://www.adapexagency.com/
"Fareed Digital | Grow your Business | #1 SEO, YouTube, PPC, Social Media, Digital Marketing Agency Lahore Pakistan",0303 4075685 ,N/A
Website Developer In Lahore | E-commerce Website Store Developer | SEO & Social Media Marketing Agency Lahore | Rehman Techno,0331 7006670 ,http://www.rehmantechno.com/
Nuhraan,0310 5140505 ,http://nuhraan.com/
"Sky Risen | Expert Digital Marketing Services Agency In Lahore, Pakistan",0325 8266711 ,https://skyrisen.com/
Soofi Digital Marketing,+1 408-210-5806 ,https://soofidigital.com/
Digital Marketing Services In Lahore,0321 4836755 ,N/A
1st Page Agency - #1 SEO & Digital Marketing Agency in Lahore,0330 7347347 ,https://1stpageagency.com/
Cerostech | Digital Marketing Agency,0308 4159335 ,https://cerostech.com/
Levitrix - Digital Marketing Agency in Lahore,0317 4200472 ,https://www.levitrix.co.uk/
IT Ki Dunya Private Ltd. Digital Marketing Agency,0302 6580154 ,https://www.itkidunya.net/
SEO Services In Lahore | Digital Marketing Agency In Lahore,0331 4228430 ,N/A
SEOLHR,0307 1113071 ,https://www.seo-lhr.com/
Digital Marketing Pakistan™ - Digital Marketing Agency,N/A,N/A
Digitrot Agency | Digital Marketing Agency in Pakistan,0311 1444313 ,https://digitrot.com/
"AdForce Solutions | Best Digital Marketing Agency in Lahore for SEO, Advertising, Creatives, Web & Social Media Marketing",0309 5235693 ,N/A
Digital Otters,0321 4093000 ,https://www.digitalotters.com/
"9 Consulting, A Digital Marketing Agency in Lahore",N/A,N/A
Akbar Media - Creative & Digital Marketing Agency,+1 332-322-0035 ,https://akbarmedia.com/
Digital One Step,0344 5614317 ,https://digitalonestep.com/
"Aerox Digital - Digital Marketing Agency in Lahore, Pakistan",0336 1110833 ,https://aeroxdigital.com/
"Aazz Agency - SEO, Website Design, Development & Digital Marketing in Lahore",0321 4156036 ,https://aazzagency.com/
DigiLeopard - Digital Marketing Agency in Lahore,0335 8128286 ,https://digileopard.com/
"Digi Optimization | Web Development, Ads Management & SEO Services Agency Lahore",0324 6102301 ,https://digioptimization.com/
Adsells Advertising (Pvt.) Ltd.,(042) 35140438 ,http://adsells.biz/
Top Digital Marketing Agency|seo services in Lahore|Seo company Lahore|Seo Agency|Local seo|Social Media Marketing Agency,0316 1407756 ,https://www.digitalhub-clutch.com/
My Digital People – Digital Marketing Agency Lahore,0315 4226689 ,https://mydigitalpeople.com/
Marketers.Pk - Digital Marketing Agency in Lahore,0311 1222741 ,https://www.marketers.pk/
Digital Otters,0321 4093000 ,https://www.digitalotters.com/
"Blupixel | Best Digital Agency in Lahore for SEO, PPC, & Social Media Marketing",0300 1225521 ,https://blupixel.co/
Digital Marketing,0322 8485794 ,http://digitalmarkeeting.com/
Ellexor - Digital Marketing Services in Lahore,0328 1153776 ,https://ellexor.com/
Development Logix - Digital Marketing Agency in Lahore Pakistan,0321 8513555 ,http://developmentlogix.com/
Advisible Technologies (PVT) LTD - Digital Marketing Agency in LAHORE,N/A,https://advisibletechnologies.com/
BeganDigital - Digital Marketing Agency In Lahore Pakistan,0349 4104577 ,https://begandigital.com/
Digital Marketing & E-commerce Agency - Creative Dots,0300 9502070 ,http://www.creative-dots.com/
Digital Marketing Agency - Pakistan,0321 4500491 ,https://digitalmarketingagency.pk/
Intensify Pakistan | Digital Marketing Agency | Advertising | Social Media | Lahore | DHA | Model Town | Johar Town,0305 4445221 ,https://www.instagram.com/intensifypakistan/
NavicoAds - Sales,0300 8488463 ,https://navicoads.com/website-design-development-services-company-lahore-pakistan/
Triverce | Digital Marketing | SEO Specialist,0300 1199322 ,https://triverce.com/
Digital Marketing Company in Pakistan | Digital marketing agency,0321 1078781 ,https://triotecdigital.com/
Digital Marketing Agency Lahore,0300 4761967 ,N/A
Buzz Interactive Global,0349 1466556 ,https://www.buzzinteractive.co/
Digital Marketing Agency,0348 1008503 ,N/A
"Business Oxide - Digital Marketing Company Lahore | Digital Marketing And Advertising Agency in Lahore, Pakistan",0321 1141404 ,https://businessoxide.com/
Stocktoc Digital Markering agency in Lahore | Brand Consulting,0300 0242107 ,https://stocktoc.com/
"Digital Marketing Wing - Best Digital Marketing Agency in Lahore , Pakistan",0300 8800880 ,http://digitalmarkeingwing.com/
Real Estate Digital Marketing Agency in Lahore,0333 5611155 ,https://abc.com/
"Digiscap #1 Digital Marketing Agency, Lahore.",0301 0599631 ,N/A
